2000000000000000|Amir|Britt|Fairbanks|AK|1-513-821-3854|1995-04-03 02:41:58|M
2000000000000001|Connor|Cleveland|Springfield|MO|1-424-366-8196|1988-12-01 08:57:52|M
2000000000000002|Alan|Weeks|Indianapolis|IN|1-540-933-0716|1954-09-05 21:13:02|M
2000000000000003|Damian|Ingram|Worcester|MA|1-367-893-4754|1978-10-30 21:39:56|M
2000000000000004|Stuart|Marshall|Wichita|KS|1-440-433-7409|1998-04-26 23:23:37|M
2000000000000005|Camden|Hyde|Pocatello|ID|1-641-320-7782|1961-09-29 08:01:24|M
2000000000000006|Lionel|Case|Denver|CO|1-495-449-7138|1960-10-29 23:32:41|M
2000000000000007|Damon|Mccall|Athens|GA|1-680-723-7906|1961-07-22 00:27:32|M
2000000000000008|Wyatt|Williams|Norfolk|VA|1-139-673-5559|1953-12-17 15:53:49|M
2000000000000009|Ian|Terrell|Sioux City|IA|1-907-979-3483|1986-11-27 22:46:35|M
2000000000000010|Yasir|Barnes|Saint Paul|MN|1-703-760-0155|1966-04-12 12:04:42|M
2000000000000011|Hector|Horne|Hillsboro|OR|1-234-832-8667|1976-08-28 20:06:47|M
2000000000000012|Porter|Rivas|Clarksville|TN|1-847-314-3168|1967-02-03 17:26:27|M
2000000000000013|Abbot|Clemons|Springfield|MA|1-315-808-9846|1997-05-12 01:18:54|M
2000000000000014|Holmes|Ford|Columbia|MO|1-337-159-4810|1965-06-16 13:35:18|M
2000000000000015|Lev|Velez|Warren|MI|1-190-570-4799|1999-02-20 16:58:10|M
2000000000000016|Stuart|Arnold|Springfield|MA|1-713-519-4676|1977-06-07 18:13:17|M
2000000000000017|Keefe|Chavez|Jackson|MS|1-551-518-5555|1967-11-01 08:37:20|M
2000000000000018|Thaddeus|Santiago|Fairbanks|AK|1-169-411-3671|1984-11-02 02:07:26|M
2000000000000019|Ralph|Blackwell|Eugene|OR|1-826-977-7332|1988-01-23 15:44:02|M
2000000000000020|Vance|Noble|Dover|DE|1-103-944-1708|1984-04-18 06:24:13|M
2000000000000021|Kasimir|Carroll|Sacramento|CA|1-534-132-8052|1966-01-09 04:04:25|M
2000000000000022|Lane|Hamilton|Cambridge|MA|1-763-968-4765|1989-11-27 20:16:36|M
2000000000000023|Adam|Britt|South Bend|IN|1-144-558-6482|1982-11-12 17:37:13|M
2000000000000024|Marsden|Snyder|Green Bay|WI|1-135-531-3799|1959-07-28 21:43:43|M
2000000000000025|Calvin|Mcmahon|Philadelphia|PA|1-620-166-8307|1959-07-17 13:08:40|M
2000000000000026|Cullen|Higgins|New Orleans|LA|1-837-470-5085|1965-05-15 07:06:24|M
2000000000000027|Hunter|Drake|Cleveland|OH|1-704-811-4045|1981-09-09 07:50:17|M
2000000000000028|Phelan|Dunn|Dover|DE|1-765-403-4533|1980-05-09 07:08:49|M
2000000000000029|Charles|Sellers|Gresham|OR|1-698-170-2106|1996-06-02 16:48:52|M
2000000000000030|Talon|Lopez|Reno|NV|1-951-591-8471|1994-05-22 09:12:17|M
2000000000000031|Chandler|Banks|Bridgeport|CT|1-489-396-2172|1982-02-27 05:37:52|M
2000000000000032|Jeremy|Farrell|Gaithersburg|MD|1-648-798-9736|1968-03-21 08:15:10|M
2000000000000033|Jeremy|Gentry|Baton Rouge|LA|1-681-510-1429|1982-07-10 14:04:10|M
2000000000000034|Paul|Mckay|Lawton|OK|1-630-510-3086|1982-05-24 11:47:12|M
2000000000000035|Eaton|Fulton|Springdale|AK|1-282-343-3576|1969-09-25 05:19:58|M
2000000000000036|Solomon|Daniels|Milwaukee|WI|1-345-497-4282|1975-11-30 09:28:25|M
2000000000000037|Michael|Travis|Boise|ID|1-487-601-9476|1981-02-10 12:17:34|M
2000000000000038|Ryder|Carr|Memphis|TN|1-416-955-6984|1959-07-31 05:01:54|M
2000000000000039|Dalton|Hines|Jackson|MS|1-962-713-9187|1982-04-09 23:20:19|M
2000000000000040|Yoshio|Rivas|Olympia|WA|1-239-834-3042|1970-02-22 20:18:56|M
2000000000000041|Kieran|Stephenson|Richmond|VA|1-454-636-9387|1989-11-08 05:02:23|M
2000000000000042|Austin|Michael|Carson City|NV|1-529-403-8432|1981-08-26 15:00:42|M
2000000000000043|Keane|Hogan|Allentown|PA|1-790-353-9477|1992-09-30 11:29:46|M
2000000000000044|Travis|Shepherd|Gaithersburg|MD|1-130-171-3656|1960-09-05 03:57:51|M
2000000000000045|Quamar|Pena|Bozeman|MT|1-956-981-3760|1989-02-01 22:36:41|M
2000000000000046|Vladimir|Roth|San Jose|CA|1-691-709-8353|1962-11-16 04:42:12|M
2000000000000047|Jasper|Craig|Bellevue|NE|1-247-835-0737|1997-03-05 15:51:20|M
2000000000000048|Jermaine|Rutledge|Bangor|ME|1-417-687-4610|1979-09-13 01:17:31|M
2000000000000049|Jameson|Nieves|Minneapolis|MN|1-771-455-9623|1983-03-04 01:11:56|M
2000000000000050|Valentine|Johnston|Augusta|ME|1-936-884-5317|1959-11-14 05:23:22|M
2000000000000051|Talon|Neal|Springfield|MO|1-553-699-1953|1984-06-23 23:19:35|M
2000000000000052|Isaac|Shepherd|Lincoln|NE|1-841-520-9840|1966-05-08 13:48:11|M
2000000000000053|Hall|Ramirez|Flint|MI|1-992-362-2727|1959-01-25 01:45:33|M
2000000000000054|Judah|Barber|Baltimore|MD|1-535-787-7752|1998-08-04 11:49:38|M
2000000000000055|August|Martin|Rockville|MD|1-895-221-3496|1996-11-06 11:53:39|M
2000000000000056|Vaughan|Owens|Juneau|AK|1-340-719-5961|1981-10-27 22:41:47|M
2000000000000057|Colin|Mcintosh|Glendale|AZ|1-805-417-5524|1959-09-12 05:46:00|M
2000000000000058|Grant|Hoffman|Bangor|ME|1-369-430-2909|1997-02-15 07:51:34|M
2000000000000059|Dale|Harrington|Wilmington|DE|1-104-646-4916|1961-05-11 02:59:55|M
2000000000000060|Wylie|Robles|Austin|TX|1-624-568-5976|1990-04-04 00:11:15|M
2000000000000061|Garth|Wilkerson|Austin|TX|1-240-614-2533|1962-08-01 12:43:45|M
2000000000000062|Howard|Nolan|Colorado Springs|CO|1-509-965-7255|1957-04-29 14:39:17|M
2000000000000063|Lamar|Salazar|Naperville|IL|1-272-334-6690|1980-11-03 23:05:57|M
2000000000000064|Omar|Pierce|Jonesboro|AK|1-428-324-9064|1981-09-04 14:58:21|M
2000000000000065|Orlando|Bender|Lawton|OK|1-798-912-3883|1953-06-13 07:11:31|M
2000000000000066|Justin|Marquez|Vancouver|WA|1-498-220-5102|1996-01-04 08:45:55|M
2000000000000067|Jack|Gordon|Casper|WY|1-712-614-7426|1965-06-27 05:18:27|M
2000000000000068|Hilel|Nicholson|West Jordan|UT|1-176-898-9500|1967-07-28 23:01:40|M
2000000000000069|Graiden|Cobb|Oklahoma City|OK|1-913-364-7490|1979-06-27 00:51:20|M
2000000000000070|Kennan|Emerson|Boise|ID|1-850-440-2353|1971-12-24 12:25:54|M
2000000000000071|Alvin|Pace|Columbia|MD|1-208-535-0009|1965-09-25 06:48:47|M
2000000000000072|Charles|Paul|Lansing|MI|1-103-247-1617|1963-08-12 22:35:10|M
2000000000000073|Allistair|Mcgee|Miami|FL|1-726-579-0890|1987-07-13 23:57:48|M
2000000000000074|Lev|Donovan|Pike Creek|DE|1-972-286-9931|1967-06-02 04:16:45|M
2000000000000075|Mufutau|Hayes|Lafayette|LA|1-336-894-8928|1958-08-20 06:46:56|M
2000000000000076|Carter|Perez|Duluth|MN|1-104-422-0223|1960-06-29 23:06:27|M
2000000000000077|Alec|Morse|Butte|MT|1-220-719-2084|1973-11-15 22:03:02|M
2000000000000078|Marvin|Beck|Jacksonville|FL|1-371-714-9162|1968-12-07 00:50:25|M
2000000000000079|Clark|Bell|Columbus|GA|1-833-805-7256|1958-02-21 16:59:29|M
2000000000000080|Dustin|Arnold|Flint|MI|1-657-729-1208|1967-03-18 04:59:04|M
2000000000000081|Lance|Robinson|Topeka|KS|1-841-321-7042|1969-02-27 09:16:26|M
2000000000000082|Colorado|Lawson|New Orleans|LA|1-681-553-3664|1954-09-10 21:45:38|M
2000000000000083|Edan|Olson|Metairie|LA|1-821-943-1235|1960-11-07 11:32:47|M
2000000000000084|Byron|Frank|Reno|NV|1-381-426-8634|1960-08-09 03:06:38|M
2000000000000085|Carl|Castro|Fairbanks|AK|1-293-398-6000|1955-08-04 07:46:58|M
2000000000000086|Gavin|Noel|Warren|MI|1-574-617-2946|1995-10-18 17:25:06|M
2000000000000087|Vernon|Pollard|Nampa|ID|1-617-946-7167|1953-10-21 15:16:42|M
2000000000000088|Fitzgerald|Noel|Lincoln|NE|1-983-535-2646|1969-12-17 02:36:49|M
2000000000000089|Micah|Salazar|Tulsa|OK|1-929-624-3059|1996-10-21 04:12:50|M
2000000000000090|Brock|Chavez|Indianapolis|IN|1-919-353-8802|1970-03-25 14:38:29|M
2000000000000091|Mason|Walls|Savannah|GA|1-962-924-3559|1980-06-06 12:56:07|M
2000000000000092|Ryan|Johnson|Mesa|AZ|1-975-901-2903|1995-04-24 05:40:45|M
2000000000000093|Fletcher|Carroll|Louisville|KY|1-537-720-2667|1979-06-16 14:39:59|M
2000000000000094|Gannon|Baldwin|Akron|OH|1-538-228-3583|1963-08-07 16:38:13|M
2000000000000095|Graiden|Guthrie|Bowling Green|KY|1-986-769-7853|1967-08-10 11:13:02|M
2000000000000096|Lamar|Mccall|Detroit|MI|1-619-421-3671|1982-08-12 16:18:40|M
2000000000000097|Quamar|Wilkins|Carson City|NV|1-578-244-1227|1964-04-08 07:42:21|M
2000000000000098|Cody|Horn|Jonesboro|AK|1-585-428-6553|1996-05-11 12:09:50|M
2000000000000099|Rogan|Downs|Augusta|GA|1-839-754-2675|1972-01-05 22:40:48|M